<?xml version="1.0" encoding="UTF-8" standalone="yes"?>
<addon id="plugin.video.LReylistfamiliar"
       name="LReylistfamiliar 1.0.7"
       version="1.0.7"
       provider-name="LReylist">
  <requires>
	<import addon="xbmc.python" version="2.1.0" />
	<import addon="script.module.pyxbmct" version="1.1.4" />
	<import addon="script.module.urlresolver" version="3.0.0"/>
	<import addon="script.module.liveresolver" version="0.1.24"/>
	<import addon="script.video.F4mProxy" version="2.2.3"/>
    <import addon="script.module.beautifulsoup" version="3.2.1"/>
    <import addon="script.module.simple.downloader" version="0.9.4"/>
    <import addon="script.module.beautifulsoup4" />
    <import addon="script.module.requests" />
    <import addon="script.module.httplib2" />
	<import addon="script.module.livestreamer" optional="true"/>
    <import addon="script.module.pyamf" optional="true"/>
    <import addon="script.module.youtube.dl" optional="true"/>
    <import addon="script.module.simplejson" /> 
    <import addon="script.module.metahandler" version="2.5.1"/>
	<import addon="plugin.video.youtube" version="5.2.1" optional="true" />
  </requires>
  <extension point="xbmc.python.pluginsource" library="default.py">
    <provides>video</provides>
  </extension>
  <extension point="xbmc.addon.metadata">
    <summary>Gracias por usar LReylist</summary>
    <description>LReylist, la otra forma de ver la tele. Cine, Series y Canales online de España y Latinoamerica</description>
    <platform>all</platform>
	<forum>http://lrey.foroactivo.com/</forum>
	<website>http://lrey.foroactivo.com/</website>
  </extension>
</addon>