{
  "id": "alltorrent",
  "name": "Alltorrent",
  "active": true,
  "adult": false,
  "language": ["cast"],
  "thumbnail": "altorrent.png",
  "fanart": "altorrent.jpg",
  "categories": [
    "torrent",
    "movie"
  ],
  "settings": [
    {
      "id": "modo_grafico",
      "type": "bool",
      "label": "Buscar información extra",
      "default": true,
      "enabled": true,
      "visible": true
    },
    {
      "id": "include_in_global_search",
      "type": "bool",
      "label": "Incluir en busqueda global",
      "default": false,
      "enabled": true,
      "visible": true
    },
    {
      "id": "include_in_newest_torrent",
      "type": "bool",
      "label": "Incluir en Novedades - Torrent",
      "default": true,
      "enabled": true,
      "visible": true
    }
  ]
}