{
  "id": "downloads",
  "name": "Descargas",
  "active": false,
  "adult": false,
  "language": ["*"],
  "version": 1,
  "changes": [
    {
      "date": "15/03/2017",
      "description": "limpieza código"
    },
    {
      "date": "12/03/17",
      "description": "Añadidas mas opciones de configuracion y corregidos fallos"
    },
    {
      "date": "12/01/17",
      "description": "release"
    }
  ],
  "categories": [
    "movie"
  ],
  "settings": [
    {
      "type": "label",
      "label": "Ubicacion de archivos",
      "enabled": true,
      "visible": true
    },
    {
      "id": "library_add",
      "type": "bool",
      "label": "  - Añadir descargas completadas a la videoteca",
      "default": true,
      "enabled": true,
      "visible": true
    },
    {
      "id": "library_move",
      "type": "bool",
      "label": "  - Mover el archivo descargado a la videoteca",
      "default": true,
      "enabled": "eq(-1,true)",
      "visible": true
    },
    {
      "id": "browser",
      "type": "bool",
      "label": "  - Visualizar archivos descargados desde descargas",
      "default": false,
      "enabled": true,
      "visible": true
    },
    {
      "type": "label",
      "label": "Descarga",
      "enabled": true,
      "visible": true
    },
    {
      "id": "block_size",
      "type": "list",
      "label": "  - Tamaño por bloque",
      "lvalues": [
        "128 KB",
        "256 KB",
        "512 KB",
        "1 MB",
        "2 MB"
      ],
      "default": 1,
      "enabled": true,
      "visible": true
    },
    {
      "id": "part_size",
      "type": "list",
      "label": "  - Tamaño por parte",
      "lvalues": [
        "1 MB",
        "2 MB",
        "4 MB",
        "8 MB",
        "16 MB",
        "32 MB"
      ],
      "default": 1,
      "enabled": true,
      "visible": true
    },
    {
      "id": "max_connections",
      "type": "list",
      "label": "  - Numero máximo de conexiones simultaneas",
      "lvalues": [
        "1",
        "2",
        "3",
        "4",
        "5",
        "6",
        "7",
        "8",
        "9",
        "10"
      ],
      "default": 4,
      "enabled": true,
      "visible": true
    },
    {
      "id": "max_buffer",
      "type": "list",
      "label": "  - Numero máximo de partes en memoria",
      "lvalues": [
        "0",
        "2",
        "4",
        "6",
        "8",
        "10",
        "12",
        "14",
        "16",
        "18",
        "20"
      ],
      "default": 5,
      "enabled": true,
      "visible": true
    },
    {
      "type": "label",
      "label": "Elección del servidor",
      "enabled": true,
      "visible": true
    },
    {
      "id": "server_reorder",
      "type": "list",
      "label": "  - Orden de servidores",
      "lvalues": [
        "Mantener",
        "Reordenar"
      ],
      "default": 1,
      "enabled": true,
      "visible": true
    },
    {
      "id": "language",
      "type": "list",
      "label": "  - Idioma preferido",
      "lvalues": [
        "Esp, Lat, Sub, Eng, Vose",
        "Esp, Sub, Lat, Eng, Vose",
        "Eng, Sub, Vose, Esp, Lat",
        "Vose, Eng, Sub, Esp, Lat"
      ],
      "default": 0,
      "enabled": "eq(-1,'Reordenar')",
      "visible": true
    },
    {
      "id": "quality",
      "type": "list",
      "label": "  - Calidad preferida",
      "lvalues": [
        "La mas alta",
        "HD 1080",
        "HD 720",
        "SD"
      ],
      "default": 0,
      "enabled": "eq(-2,'Reordenar')",
      "visible": true
    },
    {
      "id": "server_speed",
      "type": "bool",
      "label": "  - Elegir los servidores mas rapidos",
      "default": true,
      "enabled": "eq(-3,'Reordenar')",
      "visible": true
    }
  ]
}