{
  "id": "inkapelis",
  "name": "Inkapelis",
  "active": true,
  "adult": false,
  "language": ["cast", "lat"],
  "changes": [
    {
      "date": "12/03/2017",
      "description": "Reparados enlaces directos"
    },
    {
      "date": "27/02/2017",
      "description": "Añadidos enlaces directos y adaptado al uso de httptools"
    },
    {
      "date": "16/01/2016",
      "description": "Corregido por cambios en el enmascaramiento de enlaces"
    }
  ],
  "version": 1,
  "thumbnail": "http://i.imgur.com/I7MxHZI.png",
  "banner": "inkapelis.png",
  "categories": [
    "movie",
    "vos"
  ],
  "settings": [
    {
      "id": "include_in_global_search",
      "type": "bool",
      "label": "Incluir en busqueda global",
      "default": false,
      "enabled": true,
      "visible": true
    },
    {
      "id": "include_in_newest_peliculas",
      "type": "bool",
      "label": "Incluir en Novedades - Películas",
      "default": true,
      "enabled": true,
      "visible": true
    },
    {
      "id": "include_in_newest_terror",
      "type": "bool",
      "label": "Incluir en Novedades - terror",
      "default": true,
      "enabled": true,
      "visible": true
    },
    {
      "id": "modo_grafico",
      "type": "bool",
      "label": "Buscar información extra",
      "default": true,
      "enabled": true,
      "visible": true
    },
    {
      "id": "perfil",
      "type": "list",
      "label": "Perfil de color",
      "default": 0,
      "enabled": true,
      "visible": true,
      "lvalues": [
        "Perfil 3",
        "Perfil 2",
        "Perfil 1"
      ]
    },
    {
      "id": "filtro_defecto_peliculas",
      "type": "label",
      "enabled": true,
      "visible": false
    },
    {
      "id": "pers_peliculas1",
      "type": "label",
      "enabled": true,
      "visible": false
    },
    {
      "id": "pers_peliculas2",
      "type": "label",
      "enabled": true,
      "visible": false
    },
    {
      "id": "pers_peliculas3",
      "type": "label",
      "enabled": true,
      "visible": false
    }
  ]
}