{
  "id": "ohpelis",
  "name": "OH-PELIS",
  "active": true,
  "adult": false,
  "language": ["lat"],
  "thumbnail": "https://s28.postimg.org/6v7ig831p/oh-pelis.png",
  "banner": "https://s27.postimg.org/bz0fh8jpf/oh-pelis-banner.png",
  "version": 1,
  "categories": [
    "movie"
  ],
  "settings": [
    {
      "id": "include_in_global_search",
      "type": "bool",
      "label": "Incluir en busqueda global",
      "default": false,
      "enabled": false,
      "visible": false
    },
    {
      "id": "include_in_newest_peliculas",
      "type": "bool",
      "label": "Incluir en Novedades - Peliculas",
      "default": true,
      "enabled": true,
      "visible": true
    },
    {
      "id": "include_in_newest_infantiles",
      "type": "bool",
      "label": "Incluir en Novedades - Infantiles",
      "default": true,
      "enabled": true,
      "visible": true
    }
  ]
}