{
  "id": "peliculasdk",
  "name": "PeliculasDK",
  "active": true,
  "adult": false,
  "language": ["cast"],
  "thumbnail": "http://s29.postimg.org/wzw749oon/pldklog.jpg",
  "banner": "peliculasdk.png",
  "version": 1,
  "changes": [
    {
      "date": "06/12/2016",
      "description": "Corrección código. Adaptación Infoplus"
    },
    {
      "date": "26/04/2017",
      "description": "Adaptación videoteca"
    },
    {
      "date": "28/06/2017",
      "description": "Corrección código y algunas mejoras"
    }
  ],
  "categories": [
    "torrent",
    "movie"
  ],
  "settings": [
    {
      "id": "include_in_global_search",
      "type": "bool",
      "label": "Incluir en busqueda global",
      "default": true,
      "enabled": true,
      "visible": true
    }
  ]
}