{
    "id": "tubehentai",
    "name": "tubehentai",
    "active": true,
    "adult": true,
    "language": ["*"],
    "banner": "tubehentai.png",
    "thumbnail": "tubehentai.png",
    "version": 1,
    "changes": [
        {
            "date": "15/03/2017",
            "description": "limpieza código"
        },
        {
            "date": "05/08/2016",
            "description": "Eliminado de sección películas."
        }
    ],
    "categories": [
        "adult"
    ],
    "settings": [
        {
            "id": "include_in_global_search",
            "type": "bool",
            "label": "Incluir en busqueda global",
            "default": false,
            "enabled": true,
            "visible": true
        }
    ]
}