<?xml version="1.0" encoding="utf-8" standalone="yes"?>
<channel>
     <id>cueva</id>
    <name>Cueva</name>

    <active>true</active>
    <adult>false</adult>
    <language>es</language>

    <fanart>https://raw.githubusercontent.com/Inter95/tvguia/master/thumbnails/cuevabg.jpg</fanart>
    <thumbnail>https://raw.githubusercontent.com/Inter95/tvguia/master/thumbnails/cuevathumb.png</thumbnail>
    <bannermenu>https://raw.githubusercontent.com/Inter95/tvguia/master/thumbnails/cuevabaner.png</bannermenu>

    <update_url>https://raw.githubusercontent.com/tvalacarta/pelisalacarta/master/python/main-classic/channels/</update_url>
    <version>1</version>

    <changes>
        <change>
            <date>18/07/17</date>
            <autor>Inter95</autor>
            <description>Canal nuevo</description>
        </change>
    </changes>

    <categories>
        <category>latino</category>
        <category>movie</category>
        <category>serie</category>
    </categories>

    <settings>
        <id>modo_grafico</id>
        <type>bool</type>
        <label>Buscar información extra</label>
        <default>true</default>
        <enabled>true</enabled>
        <visible>true</visible>
    </settings>
    <settings>
        <id>perfil</id>
        <type>list</type>
        <label>Perfil de color</label>
        <default>1</default>
        <enabled>true</enabled>
        <visible>true</visible>
        <lvalues>Sin color</lvalues>
        <lvalues>Perfil 3</lvalues>
        <lvalues>Perfil 2</lvalues>
        <lvalues>Perfil 1</lvalues>
    </settings>
    <settings>
        <id>orden_episodios</id>
        <type>bool</type>
        <label>Mostrar los episodios de las series en orden descendente</label>
        <default>false</default>
        <enabled>true</enabled>
        <visible>true</visible>
    </settings>

    <settings>
        <include_in_global_search>disabled</include_in_global_search>
    </settings>

    <settings>
        <id>include_in_newest_peliculas</id>
        <type>bool</type>
        <label>Incluir en Novedades - Peliculas</label>
        <default>true</default>
        <enabled>true</enabled>
        <visible>true</visible>
    </settings>

    <settings>
        <id>filter_languages</id>
        <type>list</type>
        <label>Mostrar enlaces en idioma...</label>
        <default>0</default>
        <enabled>true</enabled>
        <visible>true</visible>
        <lvalues>No filtrar</lvalues>
        <lvalues>Latino</lvalues>
        <lvalues>Castellano</lvalues>
    </settings>
</channel>
