<?xml version="1.0" encoding="UTF-8" standalone="yes"?>
<addon id="plugin.video.SportsDevil" version="201702020" name="SportsDevil" provider-name="LRey-Sportdevil">

  <requires>
   <import addon="xbmc.python" version="2.14.0"/>
   <import addon="script.module.simplejson" />
   <import addon="script.module.six" />
   <import addon="script.module.requests" />
   <import addon="script.module.livestreamer" />
   <import addon="script.module.pydevd" version="4.4.0" optional="true"/>
  </requires>
  <extension 
    point="xbmc.python.pluginsource"
    library="default.py">
   <provides>video</provides>
  </extension>
  <extension point="xbmc.addon.metadata">
    <summary>LReylist</summary>
    <description>Version modificada por LRey 02-02-2016</description>
	<description>No se autoriza su distribucion</description>
    <platform>all</platform>
  </extension>
</addon>