<?xml version="1.0" encoding="UTF-8" standalone="yes"?>
<addon id="repository.netai" name="[COLOR lime]Netai[/COLOR] Repo" version="1.0.2" provider-name="Netai">
    <extension point="xbmc.addon.repository" name="[COLOR lime]Netai[/COLOR] Repo">
        <info>http://www.grupo-netai.org/repo/addons.xml</info>
        <checksum>http://www.grupo-netai.org/repo/addons.xml.md5</checksum>
        <datadir zip="true">http://www.grupo-netai.org/repo/plugins</datadir>
    </extension>
    <extension point="xbmc.addon.metadata">
        <summary>Repositorio para Netai addons</summary>
        <description>Manten actualizado Atlantis, Explora, y Arena Sports en tu media center!</description>
        <disclaimer>The owners and submitters to this repository do not host or distribute any of the content displayed by these addons nor do they have any affiliation with the content providers.</disclaimer>
        <platform>all</platform>
    </extension>
</addon>
