{
  "id": "pandamovie",
  "name": "pandamovie",
  "active": true,
  "adult": true,
  "language": ["*"],
  "thumbnail": "http://www.pandamovies.com/templates/pandamovies/images/logo.png?v1482157699",
  "banner": "",
  "categories": [
    "adult"
  ],
  "settings": [
    {
      "id": "filter_languages",
      "type": "list",
      "label": "Mostrar enlaces en idioma...",
      "default": 0,
      "enabled": true,
      "visible": true,
      "lvalues": [
        "No filtrar"
      ]
    }
  ]
}

