﻿<?xml version="1.0" encoding="UTF-8" standalone="yes"?> 
<addon id="plugin.video.pelisalacarta" name="[COLOR skyblue]Pelis[/COLOR][COLOR white]ala[/COLOR][COLOR skyblue]carta[/COLOR]" version="4.3.02~beta1" provider-name="tvalacarta">
  <requires>
    <import addon="xbmc.python" version="2.1.0"/>
    <import addon="script.module.libtorrent" optional="true"/>
  </requires>
  <extension point="xbmc.python.pluginsource" library="default.py">
    <provides>video</provides>
  </extension>
  <extension point="xbmc.addon.metadata">
    <summary lang="es">Addon Modificado por LReylist, Version no oficial.</summary>
    <description lang="es">Addon Modificado por LReylist. Películas, series, documentales, anime, ... todo lo que puedas encontrar en Internet ahora desde tu media center. Incluye canales en Español, Italiano e Inglés.</description>
    <summary lang="en">Movies and TV Shows on demand</summary>
    <description lang="en">Movies, Series, Documentaries, Anime, ... Everything is on the net, and now on your media center.</description>
    <platform>all</platform>
    <license>GNU GPL v3</license>
    <forum>http://www.mimediacenter.info/foro</forum>
    <website>http://blog.tvalacarta.info/plugin-xbmc/pelisalacarta</website>
    <email>tvalacarta@gmail.com</email>
    <source>https://github.com/tvalacarta/pelisalacarta</source>
  </extension>
  <extension point="xbmc.service" library="library_service.py" start="login|startup">
  </extension>
</addon>
