<?xml version="1.0" encoding="UTF-8" standalone="yes"?>
<addon id="plugin.video.newpct1" name="NewPCT1" version="1.2.5" provider-name="mancuniancol">
    <requires>
        <import addon="xbmc.python" version="2.12.0"/>
        <import addon="script.module.mctools" optional="false"/>
    </requires>
    <extension point="xbmc.python.pluginsource" library="main.py">
        <provides>video</provides>
    </extension>
    <extension point="xbmc.service" library="service.py" start="login">
    </extension>
    <extension point="xbmc.addon.metadata">
        <summary lang="es">Películas y series`</summary>
        <description lang="es">Add-on es De NewPCT1, retocado por LRey</description>
        <language></language>
        <platform>all</platform>
        <forum></forum>
    </extension>
</addon>
