{
  "id": "pelispanda",
  "name": "Pelispanda",
  "active": true,
  "adult": false,
  "language": ["lat"],
  "thumbnail": "https://pelispanda.com/wp-content/uploads/2020/07/panda1.png",
  "categories": [
    "torrent",
    "movie",
    "tvshow",
    "vos"
  ],
  "settings": [
    {
      "default": false, 
      "enabled": true, 
      "id": "include_in_global_search", 
      "label": "Incluir en busqueda global", 
      "type": "bool", 
      "visible": true
    }, 
    {
      "default": true, 
      "enabled": true, 
      "id": "modo_grafico", 
      "label": "Buscar información extra (TMDB)", 
      "type": "bool", 
      "visible": true
    }, 
    {
      "id": "modo_grafico_lang",
      "type": "list",
      "label": "Idioma para buscar información extra (TMDB)",
      "default": 0,
      "enabled": true,
      "visible": true,
      "lvalues": [
        "Español",
        "Inglés",
        "Español+Inglés"
      ]
    },
    {
      "id": "pseudo_titulos",
      "type": "bool",
      "label": "Desea ver Pseudo títulos de ayuda?",
      "default": true,
      "enabled": true,
      "visible": true
    },
    {
      "id": "auto_download_new",
      "type": "bool",
      "label": "Desea que se descarguen automáticamente los nuevos episodios de la Videoteca?",
      "default": false,
      "enabled": true,
      "visible": true
    },
    {
      "id": "auto_download_new_all",
      "type": "bool",
      "label": "Incluso si es una Temporada NUEVA?",
      "default": false,
      "enabled": true,
      "visible": true
    },
    {
      "id": "filter_languages",
      "type": "list",
      "label": "Mostrar enlaces en idioma...",
      "default": 0,
      "enabled": true,
      "visible": true,
      "lvalues": [
        "No filtrar",
        "CAST",
        "LAT",
        "VO",
        "VOS",
        "VOSE"
      ]
    },
    {
      "id": "emergency_urls",
      "type": "list",
      "label": "Se quieren guardar Enlaces de Emergencia por si se cae la Web?",
      "default": 1,
      "enabled": true,
      "visible": true,
      "lvalues": [
        "No",
        "Guardar",
        "Borrar",
        "Actualizar"
      ]
    },
    {
      "id": "emergency_urls_torrents",
      "type": "bool",
      "label": "Se quieren guardar Torrents de Emergencia por si se cae la Web?",
      "default": true,
      "enabled": true,
      "visible": "!eq(-1,'No')"
    },
    {
      "id": "timeout_downloadpage",
      "type": "list",
      "label": "Timeout (segs.) en descarga de páginas o verificación de servidores",
      "default": 5,
      "enabled": true,
      "visible": true,
      "lvalues": [
        "None",
        "1",
        "2",
        "3",
        "4",
        "5",
        "6",
        "7",
        "8",
        "9",
        "10",
        "11",
        "12",
        "13",
        "14",
        "15"
      ]
    },
    {
      "id": "season_colapse",
      "type": "bool",
      "label": "Seleccionar si quiere colapsar las Temporadas de Series",
      "default": true,
      "enabled": true,
      "visible": true
    },
    {
      "id": "seleccionar_ult_temporadda_activa",
      "type": "bool",
      "label": "Seleccionar para Videoteca si estará activa solo la última Temporada",
      "default": true,
      "enabled": true,
      "visible": true
    },
    {
      "id": "include_in_newest_peliculas",
      "type": "bool",
      "label": "Incluir en Novedades - Peliculas",
      "default": true,
      "enabled": true,
      "visible": false
    },
    {
      "id": "include_in_newest_series",
      "type": "bool",
      "label": "Incluir en Novedades - Series",
      "default": true,
      "enabled": true,
      "visible": false
    },
    {
      "id": "include_in_newest_latino",
      "type": "bool",
      "label": "Incluir en Novedades - Latino",
      "default": true,
      "enabled": true,
      "visible": false
    },
    {
      "id": "include_in_newest_torrent",
      "type": "bool",
      "label": "Incluir en Novedades - Torrent",
      "default": true,
      "enabled": true,
      "visible": true
    }
  ]
}