<?xml version="1.0" encoding="utf-8" standalone="yes"?>
<channel>
	<id>seriesdanko_tfm</id>
	<name>Seriesdanko TfM</name>
	<active>true</active>
	<date>10/11/2016</date>
	<version>2016111001</version>
	<language>es</language>
	<changes>Testing for Maintenance</changes>
	<update_url></update_url>
	<include_in_global_search>false</include_in_global_search>
	<adult>false</adult>
	<fanart>http://media.tvalacarta.info/pelisalacarta/poster/seriesdanko.png</fanart>
	<thumbnail>http://media.tvalacarta.info/pelisalacarta/squares/seriesdanko.png</thumbnail>
	<bannermenu>http://media.tvalacarta.info/pelisalacarta/bannermenu/seriesdanko.png</bannermenu>
	<categories>
		<category>serie</category>
		<category>vos</category>
	</categories>
</channel>
