{
  "id": "hdfilmologia",
  "name": "HDFilmologia",
  "active": true,
  "adult": false,
  "language": ["cast", "lat", "vose"],
  "fanart": "https://i.postimg.cc/qvFCZNKT/Alpha-652355392-large.jpg",
  "thumbnail": "https://hdfilmologia.com/templates/hdfilmologia/images/logo.png",
  "banner": "",
  "categories": [
    "movie",
    "vos"
  ],
  "settings": [
    {
      "id": "filter_languages",
      "type": "list",
      "label": "Mostrar enlaces en idioma...",
      "default": 0,
      "enabled": true,
      "visible": true,
      "lvalues": [
        "No filtrar",
        "Latino",
        "Castellano",
        "English"
      ]
    },
    {
      "id": "modo_grafico",
      "type": "bool",
      "label": "Buscar información extra",
      "default": true,
      "enabled": true,
      "visible": true
    },
    {
      "id": "perfil",
      "type": "list",
      "label": "Perfil de color",
      "default": 3,
      "enabled": true,
      "visible": true,
      "lvalues": [
        "Sin color",
        "Perfil 5",
        "Perfil 4",
        "Perfil 3",
        "Perfil 2",
        "Perfil 1"
      ]
    },
    {
      "id": "orden_episodios",
      "type": "bool",
      "label": "Mostrar los episodios de las series en orden descendente",
      "default": false,
      "enabled": true,
      "visible": true
    }
  ]
}
