<?xml version="1.0" encoding="UTF-8" standalone="yes"?>
<addon id="plugin.video.series" name="[COLOR deepskyblue]Video-club de series[/COLOR]" version="1.0.0" provider-name="Lreylist">
  <requires>
    <import addon="xbmc.python" version="2.1.0"/>
  </requires>
  <extension point="xbmc.python.pluginsource" library="addon.py">
    <provides>video</provides>
  </extension>
  <extension point="xbmc.addon.metadata">
    <summary>Series</summary>
    <description>Video club destinado a las series de ayer y de hoy.</description>
    <disclaimer></disclaimer>
    <language></language>
    <platform>all</platform>
    <license></license>
    <forum></forum>
    </extension>
</addon>
