{
  "id": "pelisplus",
  "name": "PelisPlus",
  "force_unify": true,
  "active": true,
  "adult": false,
  "language": ["lat"],
  "thumbnail": "https://i.postimg.cc/02k5vvF0/pelisplus.png",
  "banner": "https://s16.postimg.cc/p9xz2vlo5/pelisplus_banner.png",
  "categories": [
    "movie",
    "tvshow",
    "documentary",
    "direct",
    "anime"
  ],
  "settings": [
    {
      "id": "include_in_newest_latino",
      "type": "bool",
      "label": "Incluir en Novedades - Latino",
      "default": true,
      "enabled": true,
      "visible": true
    },
    {
      "id": "include_in_global_search",
      "type": "bool",
      "label": "Incluir en busqueda global",
      "default": false,
      "enabled": true,
      "visible": true
    },
    {
      "id": "include_in_newest_peliculas",
      "type": "bool",
      "label": "Incluir en Novedades - Peliculas",
      "default": true,
      "enabled": true,
      "visible": true
    },
    {
      "id": "include_in_newest_infantiles",
      "type": "bool",
      "label": "Incluir en Novedades - Infantiles",
      "default": true,
      "enabled": true,
      "visible": true
    },
    {
      "id": "include_in_newest_terror",
      "type": "bool",
      "label": "Incluir en Novedades - terror",
      "default": true,
      "enabled": true,
      "visible": true
    },
    {
      "id": "filter_languages",
      "type": "list",
      "label": "Mostrar enlaces en idioma...",
      "default": 0,
      "enabled": true,
      "visible": true,
      "lvalues": [
        "No filtrar",
        "Lat"
      ]
    }
  ]
}
