<?xml version="1.0" encoding="UTF-8"?>
    <addon id="repository.adryan" name="ADRYAN Repositorio" version="2.0.0" provider-name="adryan">
        <requires>
            <import addon="xbmc.addon" version="12.0.0"/>
        </requires>
        <extension point="xbmc.addon.repository" name="Adryan Repositorio Oficial">
            <info compressed="false">http://adryanlist.org/addon/addons.xml</info>
            <checksum>http://adryanlist.org/addon/addons.xml.md5</checksum>
            <datadir zip="true">http://adryanlist.org/addon/</datadir>
        </extension>
        <extension point="xbmc.addon.metadata">
            <summary>Repositorio para AdryanList </summary>
            <description>Repositorio que pertenece a AdryanList.</description>
            <platform>all</platform>
    </extension>
</addon>