<?xml version="1.0" encoding="UTF-8" standalone="yes"?>
<addon id="plugin.video.videoclup" name="[COLOR skyblue]Media Center[/COLOR]" version="3.1 provider-name="[COLOR deepskyblue]Media Center[/COLOR]">
  <extension point="xbmc.python.pluginsource" library="default.py">
    <provides>video</provides>
  </extension>
  <extension point="xbmc.addon.metadata">
    <summary lang="en">Lreylist</summary>
    <description lang="en">Lreylist</description>
    <disclaimer lang="en">Media Center </disclaimer>
	<platform>all</platform>
  </extension>
</addon>