﻿<?xml version="1.0" encoding="UTF-8" standalone="yes"?>
<addon id="plugin.video.laliga" name="La Liga" version="0.0.11" provider-name="Topo">
	<requires>
		<import addon="xbmc.python" version="2.1.0"/>
		<import addon="script.module.beautifulsoup" version="3.2.1"/>
		<import addon="script.module.requests"  />
	    	<import addon="script.module.addon.common" />
		<import addon="script.module.urlresolver" />
		<import addon="script.module.liveresolver"  />
		<import addon="script.module.livestreamer" />
	</requires>
	<extension point="xbmc.python.pluginsource" library="default.py">
		<provides>video</provides>
	</extension>
	<extension point="xbmc.addon.metadata">
		<summary lang="en">Liga Española y todo el futbol internacional</summary>
		<description lang="en">Retocado por LReylist</description>
		<disclaimer lang="en">Desde LReylist queremos mostrar nuestro agradecimiento al creador de este magnifico addon.</disclaimer>
		<platform>all</platform>
	</extension>
</addon>
