{
  "id": "animeblix",
  "name": "AnimeBlix",
  "force_unify": true,
  "thumbnail":"https://i.postimg.cc/mk4hq5Wv/animeblix.png",
  "banner":"",
  "active": true,
  "adult": false,
  "language": [],
  "version": 1,
  "categories": [
    "anime",
    "vos"
  ],
  "settings": [
    {
      "id": "include_in_global_search",
      "type": "bool",
      "label": "Incluir en busqueda global",
      "default": false,
      "enabled": false,
      "visible": false
    },
    {
      "id": "filter_languages",
      "type": "list",
      "label": "Mostrar enlaces en idioma...",
      "default": 0,
      "enabled": true,
      "visible": true,
      "lvalues": [
        "No filtrar",
        "VOSE",
        "CAST",
        "LAT"
      ]
    },
    {
      "id": "include_in_newest_anime",
      "type": "bool",
      "label": "Incluir en Novedades - Episodios de anime",
      "default": true,
      "enabled": true,
      "visible": true
    }]

}
