{
  "id": "elitetorrent",
  "name": "Elite Torrent",
  "active": true,
  "adult": false,
  "language": ["cast", "lat"],
  "thumbnail": "elitetorrent.png",
  "banner": "elitetorrent.png",
  "categories": [
    "torrent",
    "movie",
    "tvshow",
    "documentary",
    "vos"
  ],
  "settings":[
    {
      "id": "include_in_global_search",
      "type": "bool",
      "label": "Incluir en busqueda global",
      "default": false,
      "enabled": true,
      "visible": true
    }
  ]
}
