{
  "id": "seriesyonkis",
  "name": "Seriesyonkis",
  "active": false,
  "adult": false,
  "language": ["cast"],
  "thumbnail": "seriesyonkis.png",
  "banner": "seriesyonkis.png",
  "fanart": "seriesyonkis.jpg",
  "categories": [
    "tvshow",
    "anime",
    "vos"
  ],
  "settings": [
    {
      "id": "include_in_global_search",
      "type": "bool",
      "label": "Incluir en busqueda global",
      "default": false,
      "enabled": true,
      "visible": true
    }
  ]
}