{
  "id": "seriesdanko",
  "name": "Seriesdanko",
  "active": false,
  "adult": false,
  "language": ["cast", "lat"],
  "thumbnail": "https://i.postimg.cc/hJw0GpPH/seriesdanko.png",
  "banner": "seriesdanko.png",
  "categories": [
    "tvshow",
    "vos"
  ],
  "settings": [
    {
      "id": "include_in_global_search",
      "type": "bool",
      "label": "Incluir en busqueda global",
      "default": false,
      "enabled": true,
      "visible": true
    },
    {
      "id": "filter_languages",
      "type": "list",
      "label": "Mostrar enlaces en idioma...",
      "default": 0,
      "enabled": true,
      "visible": true,
      "lvalues": [
        "No filtrar",
        "Español",
        "Latino",
        "VO",
        "VOS",
        "VOSE"
      ]
    }
  ]
}