<?xml version="1.0" encoding="UTF-8" standalone="yes"?>
<addon id="repository.ronniehd" name="RonnieHD repository" version="1.0.1" provider-name="RonnieHD">
	<extension point="xbmc.addon.repository" name="RonnieHD Repository">
		<info compressed="false">https://raw.githubusercontent.com/ronniehd/repository.ronniehd/master/addons.xml</info>
		<checksum>https://raw.githubusercontent.com/ronniehd/repository.ronniehd/master/addons.xml.md5</checksum>
		<datadir zip="true">https://github.com/ronniehd/repository.ronniehd/raw/master/zips</datadir>
	</extension>
	<extension point="xbmc.addon.metadata">
		<summary>Third party Kodi addons updates/mods</summary>
		<description>RonnieHD Repository</description>
		<disclaimer></disclaimer>
		<platform>all</platform>
	</extension>
</addon>
