<?xml version="1.0" encoding="utf-8" standalone="yes"?>
<channel>
	<id>canalporno</id>
	<name>Canalporno</name>

	<active>true</active>
	<adult>true</adult>
	<language>es</language>

	<fanart></fanart>
	<thumbnail>http://i.imgur.com/gAbPcvT.png?1</thumbnail>
	<bannermenu></bannermenu>

	<update_url>https://raw.githubusercontent.com/tvalacarta/pelisalacarta/master/python/main-classic/channels/</update_url>
	<version>2</version>
	<changes>
		<change>
			<date>15/03/2017</date>
			<autor>SeiTaN</autor>
			<description>limpieza código</description>
		</change>
		<change>
			<date>09/01/2017</date>
			<autor></autor>
			<description>Primera version.</description>
		</change>
	</changes>

	<categories>
		<category>adult</category>
	</categories>
</channel>