<?xml version="1.0" encoding="utf-8" standalone="yes"?>
<channel>
	<id>eporner</id>
	<name>Eporner</name>
	
	<active>true</active>
	<adult>true</adult>
	<language>es</language>
	
	<fanart></fanart>
	<thumbnail>http://media.tvalacarta.info/pelisalacarta/squares/eporner.png</thumbnail>
	<bannermenu>http://media.tvalacarta.info/pelisalacarta/bannermenu/eporner.png</bannermenu>

	<update_url>https://raw.githubusercontent.com/tvalacarta/pelisalacarta/master/python/main-classic/channels/</update_url>
	<version>3</version>

	<changes>
		<change>
			<date>03/06/2017</date>
			<autor></autor>
			<description>reparada seccion categorias</description>
		</change>
		<change>
			<date>15/03/2017</date>
			<autor>SeiTaN</autor>
			<description>limpieza código</description>
		</change>
		<change>
			<date>28/12/16</date>
			<autor>-</autor>
			<description>First version</description>
		</change>
	</changes>
	
	<categories>
		<category>adult</category>
	</categories>
</channel>
