{
  "id": "animeflv",
  "name": "AnimeFLV",
  "active": true,
  "adult": false,
  "language": ["cast", "lat"],
  "thumbnail": "animeflv.png",
  "banner": "animeflv.png",
  "version": 1,
  "changes": [
    {
      "date": "18/05/2017",
      "description": "fix ultimos animes, episodios"
    },
    {
      "date": "06/04/2017",
      "description": "fix ultimos episodios"
    },
    {
      "date": "01/03/2017",
      "description": "fix nueva web"
    },
    {
      "date": "09/07/2016",
      "description": "Arreglo viewmode"
    }
  ],
  "categories": [
    "anime"
  ],
  "settings": [
    {
      "id": "include_in_global_search",
      "type": "bool",
      "label": "Incluir en busqueda global",
      "default": false,
      "enabled": true,
      "visible": true
    },
    {
      "id": "include_in_newest_anime",
      "type": "bool",
      "label": "Incluir en Novedades - Episodios de anime",
      "default": true,
      "enabled": true,
      "visible": true
    }
  ]
}
