{
  "id": "bajui2",
  "name": "Bajui2",
  "active": true,
  "adult": false,
  "language": ["cast"],
  "thumbnail": "bajui.png",
  "banner": "bajui.png",
  "fanart": "bajui.png",
  "version": 2,
  "changes": [
    {
      "date": "07/08/2017",
      "description": "Fix URL HOST changed to Bajui2"
    },
    {
      "date": "15/03/2017",
      "description": "limpieza código"
    },
    {
      "date": "01/07/2016",
      "description": "Eliminado código innecesario."
    }
  ],
  "categories": [
    "movie",
    "tvshow",
    "documentary",
    "vos"
  ],
  "settings": [
    {
      "id": "include_in_global_search",
      "type": "bool",
      "label": "Incluir en busqueda global",
      "default": false,
      "enabled": true,
      "visible": true
    }
  ]
}
