{
  "id": "clasicofilm",
  "name": "ClasicoFilm",
  "active": true,
  "adult": false,
  "language": ["cast"],
  "thumbnail": "http://i.imgur.com/F7sevVu.jpg?1",
  "banner": "clasicofilm.png",
  "version": 1,
  "changes": [
    {
      "date": "28/05/2017",
      "description": "Corregido findvideos"
    },
    {
      "date": "15/03/2017",
      "description": "limpieza código"
    },
    {
      "date": "07/02/17",
      "description": "Fix bug in newest"
    },
    {
      "date": "09/01/2017",
      "description": "Primera version"
    }
  ],
  "categories": [
    "movie"
  ],
  "settings": [
    {
      "id": "include_in_newest_peliculas",
      "type": "bool",
      "label": "Incluir en Novedades - Películas",
      "default": true,
      "enabled": true,
      "visible": true
    },
    {
      "id": "modo_grafico",
      "type": "bool",
      "label": "Buscar información extra",
      "default": true,
      "enabled": true,
      "visible": true
    },
    {
      "id": "perfil",
      "type": "list",
      "label": "Perfil de color",
      "default": 3,
      "enabled": true,
      "visible": true,
      "lvalues": [
        "Sin color",
        "Perfil 3",
        "Perfil 2",
        "Perfil 1"
      ]
    }
  ]
}