{
  "id": "doramastv",
  "name": "DoramasTV",
  "active": true,
  "adult": false,
  "language": ["cast", "lat"],
  "thumbnail": "doramastv.png",
  "banner": "doramastv.png",
  "version": 1,
  "changes": [
    {
      "date": "15/03/2017",
      "description": "limpieza código"
    },
    {
      "date": "01/07/2016",
      "description": "Eliminado código innecesario."
    }
  ],
  "categories": [
    "tvshow"
  ],
  "settings": [
    {
      "id": "include_in_global_search",
      "type": "bool",
      "label": "Incluir en busqueda global",
      "default": true,
      "enabled": true,
      "visible": true
    }
  ]
}