{
  "id": "filesmonster_catalogue",
  "name": "Filesmonster Catalogue",
  "active": true,
  "adult": true,
  "language": ["*"],
  "thumbnail": "filesmonster_catalogue.png",
  "banner": "filesmonster_catalogue.png",
  "version": 1,
  "changes": [
    {
      "date": "15/03/2017",
      "description": "limpieza código"
    },
    {
      "date": "05/08/2016",
      "description": "Eliminado de sección películas"
    }
  ],
  "categories": [
    "adult"
  ],
  "settings": [
    {
      "id": "include_in_global_search",
      "type": "bool",
      "label": "Incluir en busqueda global",
      "default": false,
      "enabled": true,
      "visible": true
    }
  ]
}