{
  "id": "jkanime",
  "name": "JKanime",
  "active": true,
  "adult": false,
  "language": ["cast", "lat"],
  "thumbnail": "jkanime.png",
  "banner": "jkanime.png",
  "version": 1,
  "changes": [
    {
      "date": "15/03/2017",
      "description": "limpieza código"
    },
    {
      "date": "01/07/2016",
      "description": "Eliminado código innecesario."
    }
  ],
  "categories": [
    "anime"
  ],
  "settings": [
    {
      "id": "include_in_global_search",
      "type": "bool",
      "label": "Incluir en busqueda global",
      "default": false,
      "enabled": true,
      "visible": true
    }
  ]
}