{
  "id": "metaserie",
  "name": "MetaSerie (Latino)",
  "active": true,
  "adult": false,
  "language": ["lat"],
  "thumbnail": "https://s32.postimg.org/7g50yo39h/metaserie.png",
  "banner": "https://s31.postimg.org/u6yddil8r/metaserie_banner.png",
  "version": 1,
  "changes": [
    {
      "date": "24/06/2017",
      "description": "Cambios para autoplay"
    },
    {
      "date": "06/06/2017",
      "description": "Compatibilidad con AutoPlay"
    },
    {
      "date": "25/05/2017",
      "description": "cambios esteticos"
    },
    {
      "date": "15/03/2017",
      "description": "limpieza código"
    },
    {
      "date": "04/01/2017",
      "description": "Release."
    }
  ],
  "categories": [
    "tvshow"
  ],
  "settings": [
    {
      "id": "include_in_global_search",
      "type": "bool",
      "label": "Incluir en busqueda global",
      "default": false,
      "enabled": false,
      "visible": false
    },
    {
      "id": "filter_languages",
      "type": "list",
      "label": "Mostrar enlaces en idioma...",
      "default": 0,
      "enabled": true,
      "visible": true,
      "lvalues": [
        "No filtrar",
        "Latino",
        "Español",
        "VOS"
      ]
    }
  ]
}