{
  "id": "news",
  "name": "Novedades",
  "active": false,
  "adult": false,
  "language": ["*"],
  "version": 1,
  "changes": [
    {
      "date": "15/03/2017",
      "description": "limpieza código"
    },
    {
      "date": "07/02/17",
      "description": "Añadir cuadro de progreso"
    },
    {
      "date": "01/07/16",
      "description": "Eliminado código innecesario."
    },
    {
      "date": "29/04/16",
      "description": "Posibilidad de incluir otros canales, mediante configuracion"
    }
  ],
  "categories": [
    "movie"
  ],
  "settings": [
    {
      "id": "multithread",
      "type": "bool",
      "label": "Buscar de manera concurrente (multiprocesos)",
      "default": true,
      "enabled": true,
      "visible": true
    },
    {
      "id": "result_mode",
      "type": "list",
      "label": "Mostrar resultados:",
      "default": 2,
      "enabled": true,
      "visible": true,
      "lvalues": [
        "Agrupados por contenido",
        "Agrupados por canales",
        "Sin Agrupar"
      ]
    },
    {
      "id": "perfil",
      "type": "list",
      "label": "Perfil de color",
      "default": 0,
      "enabled": true,
      "visible": true,
      "lvalues": [
        "Frio",
        "Calido",
        "Lila",
        "Pastel",
        "Vivos"
      ]
    }
  ]
}