{
  "id": "playpornx",
  "name": "PlayPornX",
  "active": true,
  "adult": true,
  "language": ["*"],
  "thumbnail": "https://s3.postimg.org/3rkfrnypv/playpornx.png",
  "banner": "https://s3.postimg.org/it5qa1gyb/playpornx-banner.png",
  "version": 1,
  "changes": [
    {
      "date": "15/03/2017",
      "description": "limpieza código"
    },
    {
      "date": "07/12/2016",
      "description": "Release."
    }
  ],
  "categories": [
    "adult"
  ],
  "settings": [
    {
      "id": "include_in_global_search",
      "type": "bool",
      "label": "Incluir en busqueda global",
      "default": false,
      "enabled": false,
      "visible": false
    }
  ]
}