{
    "id": "torrentlocura",
    "name": "Torrentlocura",
    "active": true,
    "adult": false,
    "language": ["cast", "lat"],
    "banner": "torrentlocura.png",
    "thumbnail": "http://imgur.com/EWmLS3d.png",
    "fanart": "http://imgur.com/V7QZLAL.jpg",
    "version": 1,
    "changes": [
        {
            "date": "25/08/2017",
            "description": "revamp"
        }
    ],
    "categories": [
        "torrent",
        "movie",
        "tvshow"
    ],
    "settings": [
        {
            "id": "include_in_global_search",
            "type": "bool",
            "label": "Incluir en busqueda global",
            "default": true,
            "enabled": true,
            "visible": true
        }
    ]
}