<?xml version="1.0" encoding="utf-8" standalone="yes"?>
<channel>
   <id>cinecalidad</id>
   <name>CineCalidad</name>

   <active>true</active>
   <adult>false</adult>
   <language>es</language>

   <fanart></fanart>
   <thumbnail>https://s31.postimg.org/puxmvsi7v/cinecalidad.png</thumbnail>
   <bannermenu>https://s32.postimg.org/kihkdpx1x/banner_cinecalidad.png</bannermenu>

   <update_url>https://raw.githubusercontent.com/tvalacarta/pelisalacarta/master/python/main-classic/channels/</update_url>
   <version>6</version>
   <date>16/05/2017</date>
   <changes>reparados enlaces directos</changes>

   <categories>
      <category>latino</category>
      <category>movie</category>
   </categories>

   <settings>
      <include_in_global_search>true</include_in_global_search>
   </settings>
   <settings>
		<id>include_in_newest_peliculas</id>
		<type>bool</type>
		<label>Incluir en Novedades - Peliculas</label>
		<default>true</default>
		<enabled>true</enabled>
		<visible>true</visible>
	</settings>
	<settings>
		<id>include_in_newest_infantiles</id>
		<type>bool</type>
		<label>Incluir en Novedades - Infantiles</label>
		<default>true</default>
		<enabled>true</enabled>
		<visible>true</visible>
	</settings>
</channel>
