{
  "id": "estadepelis",
  "name": "Estadepelis",
  "active": true,
  "adult": false,
  "language": ["lat"],
  "thumbnail": "https://s24.postimg.org/nsgit7fhh/estadepelis.png",
  "banner": "https://s28.postimg.org/ud0l032ul/estadepelis_banner.png",
  "version": 1,
  "changes": [
    {
      "date": "24/06/2017",
      "description": "Cambios para autoplay"
    },
    {
      "date": "22/06/2017",
      "description": "ajustes para AutoPlay"
    },
    {
      "date": "25/05/2017",
      "description": "cambios esteticos"
    },
    {
      "date": "15/03/2017",
      "description": "limpieza código"
    },
    {
      "date": "07/02/2017",
      "description": "Release"
    }
  ],
  "categories": [
    "movie"
  ],
  "settings": [
    {
      "id": "include_in_global_search",
      "type": "bool",
      "label": "Incluir en busqueda global",
      "default": false,
      "enabled": false,
      "visible": false
    },
    {
      "id": "filter_languages",
      "type": "list",
      "label": "Mostrar enlaces en idioma...",
      "default": 0,
      "enabled": true,
      "visible": true,
      "lvalues": [
        "No filtrar",
        "Latino",
        "VOS"
      ]
    },
    {
      "id": "include_in_newest_peliculas",
      "type": "bool",
      "label": "Incluir en Novedades - Peliculas",
      "default": true,
      "enabled": true,
      "visible": true
    },
    {
      "id": "include_in_newest_infantiles",
      "type": "bool",
      "label": "Incluir en Novedades - Infantiles",
      "default": true,
      "enabled": true,
      "visible": true
    },
    {
      "id": "include_in_newest_terror",
      "type": "bool",
      "label": "Incluir en Novedades - Terror",
      "default": true,
      "enabled": true,
      "visible": true
    }
  ]
}