{
  "id": "hdfull",
  "name": "HDFull",
  "active": true,
  "adult": false,
  "language": ["cast", "lat"],
  "thumbnail": "hdfull.png",
  "banner": "hdfull.png",
  "version": 1,
  "changes": [
    {
      "date": "30/05/2017",
      "description": "Arreglada la extracción de enlaces por cambios en la web"
    },
    {
      "date": "15/03/2017",
      "description": "limpieza código"
    },
    {
      "date": "21/03/2017",
      "description": "Pequeño fix para corregir algunas urls de los vídeos que se extraían mal"
    },
    {
      "date": "02/02/2017",
      "description": "Arreglada la extracción de enlaces por cambios en la web"
    },
    {
      "date": "05/01/2017",
      "description": "Corregido debido a cloudflare"
    }
  ],
  "categories": [
    "movie",
    "tvshow"
  ],
  "settings": [
    {
      "id": "hdfulluser",
      "type": "text",
      "label": "@30014",
      "enabled": true,
      "visible": true
    },
    {
      "id": "hdfullpassword",
      "type": "text",
      "label": "@30015",
      "hidden": true,
      "enabled": "!eq(-1,'')",
      "visible": true
    },
    {
      "id": "include_in_global_search",
      "type": "bool",
      "label": "Incluir en busqueda global",
      "default": true,
      "enabled": true,
      "visible": true
    }
  ]
}