{
    "id": "verpelis",
    "name": "Ver-pelis",
    "active": true,
    "adult": false,
    "language": ["cast", "lat"],
    "thumbnail": "http://imgur.com/lmYQgOu.png",
    "version": 1,
    "changes": [
        {
            "date": "26/04/2016",
            "description": "Release"
        },
        {
            "date": "28/06/2017",
            "description": "Corrección código y algunas mejoras"
        }
    ],
    "categories": [
        "torrent",
        "movie",
        "tvshow",
        "direct"
    ],
    "settings": [
    {
        "id": "modo_grafico",
        "type": "bool",
        "label": "Buscar información extra",
        "default": true,
        "enabled": true,
        "visible": true
    },
    {
        "id": "include_in_global_search",
        "type": "bool",
        "label": "Incluir en busqueda global",
        "default": true,
        "enabled": true,
        "visible": true
    },
    {
      "id": "include_in_newest_peliculas",
      "type": "bool",
      "label": "Incluir en Novedades - Peliculas",
      "default": true,
      "enabled": true,
      "visible": true
    },
    {
      "id": "include_in_newest_terror",
      "type": "bool",
      "label": "Incluir en Novedades - terror",
      "default": true,
      "enabled": true,
      "visible": true
    }
    ]
}