{
    "id": "torrentlocura",
    "name": "Torrentlocura",
    "active": true,
    "adult": false,
    "language": ["cast", "lat"],
    "banner": "torrentlocura.png",
    "thumbnail": "http://imgur.com/EWmLS3d.png",
    "fanart": "http://imgur.com/V7QZLAL.jpg",
    "categories": [
        "torrent",
        "movie",
        "tvshow"
    ],
    "settings": [
    {
        "id": "include_in_global_search",
        "type": "bool",
        "label": "Incluir en busqueda global",
        "default": true,
        "enabled": true,
        "visible": true
    },
    {
      "id": "include_in_newest_torrent",
      "type": "bool",
      "label": "Incluir en Novedades - Torrent",
      "default": true,
      "enabled": true,
      "visible": true
    },
    {
      "id": "include_in_newest_4k",
      "type": "bool",
      "label": "Incluir en Novedades - 4K",
      "default": true,
      "enabled": true,
      "visible": true
    }
    ]
}