<?xml version="1.0" encoding="utf-8" standalone="yes"?>
<channel>
	<id>discoverymx</id>
	<name>Discoverymx</name>

	<active>true</active>
	<adult>false</adult>
	<language>es</language>

	<fanart></fanart>
	<thumbnail>https://raw.githubusercontent.com/MiTvSpain/mitvspain/master/squares/discoverymx.png</thumbnail>
	<bannermenu>https://raw.githubusercontent.com/MiTvSpain/mitvspain/master/bannermenu/discoverymx.png</bannermenu>

	<update_url>https://raw.githubusercontent.com/MiTvSpain/mitvspain/master/mitvspain/python/main-classic/channels//</update_url>
	<version>4</version>

	<changes>
		<change>
			<date>15/03/2017</date>
			<autor></autor>
			<description>limpieza código</description>
		</change>
		<change>
			<date>01/07/2016</date>
			<autor></autor>
			<description>Eliminado código innecesario.</description>
		</change>
	</changes>

	<categories>
		<category>latino</category>
		<category>documentary</category>
	</categories>

</channel>
