<?xml version="1.0" encoding="utf-8" standalone="yes"?>
<channel>
	<id>seodiv</id>
	<name>Seodiv</name>

	<compatible>
		<addon_version>4.3</addon_version>
	</compatible>

	<active>true</active>
	<adult>false</adult>
	<language>es</language>

	<fanart></fanart>
	<thumbnail>https://s32.postimg.org/gh8lhbkb9/seodiv.png</thumbnail>
	<bannermenu>https://s31.postimg.org/klwjzp7t7/seodiv_banner.png</bannermenu>
	
	<update_url>https://raw.githubusercontent.com/MiTvSpain/mitvspain/master/mitvspain/python/main-classic/channels//</update_url>
	<version>9</version>
	<changes>
		<change>
         <date>24/06/2017</date>
         <autor></autor>
         <description>Cambios para autoplay</description>
        </change>
		<change>
				<date>06/06/2017</date>
				<autor></autor>
				<description>compatibilidad con AutoPlay</description>
	   	</change>
		<change>
				<date>25/05/2017</date>
				<autor></autor>
				<description>cambios esteticos</description>
	   	</change>
		<change>
			<date>09/05/2017</date>
			<autor></autor>
			<description>Fix temporadas</description>
		</change>
	</changes>
	
	<categories>
		<category>series</category>
	</categories>

	<settings>
		<id>filter_languages</id>
		<type>list</type>
		<label>Mostrar enlaces en idioma...</label>
		<default>0</default>
		<enabled>true</enabled>
		<visible>true</visible>
		<lvalues>No filtrar</lvalues>
		<lvalues>Latino</lvalues>
	</settings>


</channel>
