<?xml version="1.0" encoding="UTF-8" standalone="yes"?>
<addons>
<addon id="plugin.video.Explora"
       name="Explora"
       version="1.1.4"
       provider-name="Netai">
  <requires>
    <import addon="xbmc.python" version="2.1.0"/>
    <import addon="plugin.video.f4mTester"/>
  </requires>
  <extension point="xbmc.python.pluginsource"
            library="default.py">
        <provides>video</provides>
  </extension>
  <extension point="xbmc.addon.metadata">
    <summary lang="es">Documentales</summary>
    <language>es</language>
    <description lang="es">Todos los documentales en castellano, la videoteca que no deja de crecer ! ... Este addon requiere de plugin f4mTester de shani para funcionar.</description>
     <platform>all</platform>
  </extension>
</addon>
<addon id="plugin.video.Atlantis"
       name="Atlantis"
       version="0.0.1"
       provider-name="NETAI">
  <requires>
    <import addon="xbmc.python" version="2.1.0"/>
    <import addon="script.module.beautifulsoup" version="3.2.1"/>
    <import addon="script.module.simple.downloader" version="0.9.4"/>
    <import addon="script.module.beautifulsoup4" />
    <import addon="script.module.requests" />
    <import addon="script.module.httplib2" />
    <import addon="script.module.liveresolver" version="0.1.24" optional="true"/>
    <import addon="script.module.youtube.dl" optional="true"/>
    <import addon="plugin.video.youtube" optional="true" />
    <import addon="script.module.urlresolver" optional="true"/>
    <import addon="script.module.simplejson" />    
     <import addon="script.module.livestreamer" optional="true"/>
     <import addon="script.module.pyamf" optional="true"/>
  </requires>
  <extension point="xbmc.python.pluginsource" library="main.py">
    <provides>video</provides>
  </extension>
  <extension point="xbmc.addon.metadata">
    <summary>Creado por NETAI</summary>
    <description>MEJORES PELICULAS y SERIES EN CASTELLANO.</description>
    <platform>all</platform>
  </extension>
</addon>
<addon id="repository.netai" name="[COLOR lime]Netai[/COLOR] Repo" version="0.0.1" provider-name="Netai">
    <extension point="xbmc.addon.repository" name="[COLOR lime]Netai[/COLOR] Repo">
        <info>https://raw.githubusercontent.com/Andorth/repository/master/files/addons.xml</info>
        <checksum>https://raw.githubusercontent.com/Andorth/repository/master/files/addons.xml.md5</checksum>
        <datadir zip="true">https://raw.githubusercontent.com/Andorth/repository/master/files/</datadir>
    </extension>
    <extension point="xbmc.addon.metadata">
        <summary>Repositorio para Netai addons</summary>
        <description>Manten actualizado Atlantis y Explora en tu media center!</description>
        <disclaimer>The owners and submitters to this repository do not host or distribute any of the content displayed by these addons nor do they have any affiliation with the content providers.</disclaimer>
        <platform>all</platform>
    </extension>
</addon>
</addons>