<?xml version="1.0" encoding="UTF-8" standalone="yes"?>
<addon id="plugin.video.patch-Sportsdevil.Jairox" 
	   name="Sportsdevil Jairox"
	   version="0.0.3"
	   provider-name="Sportsdevil">
  <requires>
    <import addon="xbmc.python" version="2.1.0"/>
  </requires>
  <extension point="xbmc.python.pluginsource" library="default.py">
        <provides>executable</provides>
  </extension>
  <extension point="xbmc.addon.metadata">
    <summary>Sportsdevil patch mod3</summary>
    <description>Modificacion del addon Sportsdevil a la revision de Jairox mod 3.</description> 
    <platform>all</platform>
  </extension>
</addon>
