<?xml version="1.0" encoding="utf-8" standalone="yes"?>
<channel>
	<id>cuelgame</id>
	<name>Cuelgame</name>
	<active>true</active>
	<adult>false</adult>
	<language>es</language>

    <version>4</version>
    <changes>
         
            <change>
                    <date>10/12/2016</date>
			        <autor></autor>
                    <description>Reparado fanart y thumbs y correción código.Adaptado a Infoplus</description>
            </change>        
            <change> 
                    <date>04/04/2017</date>
			        <autor></autor>
                    <description>Migración a Httptools</description>
            </change>
            <change>
                    <date>28/06/2017</date>
                    <autor></autor>
                    <description>Correciones código.Algunas mejoras</description>
            </change>
    </changes>


	<fanart></fanart>
	<thumbnail>https://raw.githubusercontent.com/MiTvSpain/mitvspain/master/squares/cuelgame.png</thumbnail>
	<bannermenu>https://raw.githubusercontent.com/MiTvSpain/mitvspain/master/bannermenu/cuelgame.png</bannermenu>
	<update_url>https://raw.githubusercontent.com/MiTvSpain/mitvspain/master/python/main-classic/channels/</update_url>
	

	<categories>
		<category>torrent</category>
		<category>movie</category>
		<category>serie</category>
		<category>documentary</category>
		<category>vos</category>
	</categories>

	<settings>
		<id>include_in_global_search</id>
		<type>bool</type>
		<label>Incluir en busqueda global</label>
		<default>true</default>
		<enabled>true</enabled>
		<visible>true</visible>
	</settings>
</channel>
