<?xml version="1.0" encoding="utf-8" standalone="yes"?>
<channel>
	<id>doomtv</id>
	<name>doomtv</name>

    <compatible>
		<addon_version>4.3</addon_version>
	</compatible>

	<active>true</active>
	<adult>false</adult>
	<language>es</language>

	<fanart></fanart>
	<thumbnail>https://s2.postimg.org/jivgi4ak9/doomtv.png</thumbnail>
	<bannermenu>https://s32.postimg.org/6gxyripvp/doomtv_banner.png</bannermenu>
	
	<update_url>https://raw.githubusercontent.com/MiTvSpain/mitvspain/master/python/main-classic/channels/</update_url>
	<version>6</version>

	<changes>
		<change>
         <date>24/06/2017</date>
         <autor></autor>
         <description>Cambios para autoplay</description>
        </change>
		<change>
			<date>06/06/2017</date>
			<autor></autor>
			<description>COmpatibilida con AutoPlay</description>
		</change>
		<change>
			<date>12/05/2017</date>
			<autor></autor>
			<description>Fix generos y enlaces</description>
		</change>
		<change>
			<date>15/03/2017</date>
			<autor></autor>
			<description>limpieza código</description>
		</change>
		<change>
			<date>01/02/2017</date>
			<autor></autor>
			<description>Release.</description>
		</change>
	</changes>


	<categories>
		<category>latino</category>
		<category>movie</category>
	</categories>

	<settings>
		<id>include_in_global_search</id>
		<type>bool</type>
		<label>Incluir en busqueda global</label>
		<default>false</default>
		<enabled>false</enabled>
		<visible>false</visible>
	</settings>

	<settings>
		<id>filter_languages</id>
		<type>list</type>
		<label>Mostrar enlaces en idioma...</label>
		<default>0</default>
		<enabled>true</enabled>
		<visible>true</visible>
		<lvalues>No filtrar</lvalues>
		<lvalues>Latino</lvalues>
	</settings>

	<settings>
		<id>include_in_newest_peliculas</id>
		<type>bool</type>
		<label>Incluir en Novedades - Peliculas</label>
		<default>true</default>
		<enabled>true</enabled>
		<visible>true</visible>
	</settings>
	
	<settings>
		<id>include_in_newest_infantiles</id>
		<type>bool</type>
		<label>Incluir en Novedades - Infantiles</label>
		<default>true</default>
		<enabled>true</enabled>
		<visible>true</visible>
	</settings>
</channel>
