<?xml version="1.0" encoding="utf-8" standalone="yes"?>
<channel>
   <id>floow</id>
   <name>Floow</name>

   <active>false</active>
   <adult>false</adult>
   <language>es</language>

   <fanart></fanart>
   <thumbnail>https://s1.postimg.org/efka0x4of/floow.png</thumbnail>
   <bannermenu>https://s18.postimg.org/4e5huzynd/floow_banner.png</bannermenu>

   <update_url>https://raw.githubusercontent.com/MiTvSpain/mitvspain/master/python/main-classic/channels/</update_url>
   <version>2</version>
   <date>02/05/2017</date>
   <changes>Deshabilitado por desaparicion de la pagina</changes>

   <categories>
      <category>latino</category>
      <category>movie</category>
   </categories>

   <settings>
		<id>include_in_newest_peliculas</id>
		<type>bool</type>
		<label>Incluir en Novedades - Peliculas</label>
		<default>true</default>
		<enabled>true</enabled>
		<visible>true</visible>
	</settings>
	<settings>
		<id>include_in_newest_infantiles</id>
		<type>bool</type>
		<label>Incluir en Novedades - Infantiles</label>
		<default>true</default>
		<enabled>true</enabled>
		<visible>true</visible>
	</settings>
</channel>
