<?xml version="1.0" encoding="utf-8" standalone="yes"?>
<channel>
   <id>idocumentales</id>
   <name>Idocumentales</name>

   <active>true</active>
   <adult>false</adult>
   <language>es</language>

   <fanart></fanart>
   <thumbnail>https://s27.postimg.org/pjq3y552b/idocumentales.png</thumbnail>
   <bannermenu>https://s16.postimg.org/6d8bh1z1x/idocumentales_banner.png</bannermenu>

   <update_url>https://raw.githubusercontent.com/MiTvSpain/mitvspain/master/python/main-classic/channels/</update_url>
   <version>5</version>
   <changes>
      <change>
			<date>25/05/2017</date>
			<autor></autor>
			<description>cambios esteticos</description>
      </change>
      <change>
         <date>18/06/2016</date>
         <autor></autor>
         <description>First release</description>
      </change>>
   </changes>

   <categories>
      <category>documentary</category>
   </categories>

   	<settings>
		<id>include_in_global_search</id>
		<type>bool</type>
		<label>Incluir en busqueda global</label>
		<default>true</default>
		<enabled>true</enabled>
		<visible>true</visible>
	</settings>
   <settings>
      <id>include_in_newest_documentales</id>
      <type>bool</type>
      <label>Incluir en Novedades - Documentales</label>
      <default>true</default>
      <enabled>true</enabled>
      <visible>true</visible>
   </settings>
   
</channel>
