<?xml version="1.0" encoding="utf-8" standalone="yes"?>
<channel>
	<id>mocosoftx</id>
	<name>MocosoftX</name>

	<active>true</active>
	<adult>true</adult>
	<language>es</language>

	<fanart></fanart>
	<thumbnail>https://raw.githubusercontent.com/MiTvSpain/mitvspain/master/squares/mocosoftx.png</thumbnail>
	<bannermenu>https://raw.githubusercontent.com/MiTvSpain/mitvspain/master/bannermenu/mocosoftx.png</bannermenu>

	<update_url>https://raw.githubusercontent.com/MiTvSpain/mitvspain/master/python/main-classic/channels/</update_url>
	<version>6</version>

	<changes>
		<change>
			<date>15/03/2017</date>
			<autor></autor>
			<description>limpieza código</description>
		</change>
		<change>
			<date>05/08/2016</date>
			<autor></autor>
			<description>Eliminado de sección películas.</description>
		</change>
	</changes>

	<categories>
		<category>adult</category>
	</categories>

	<settings>
		<id>mocosoftxuser</id>
		<type>text</type>
		<label>@30014</label>
		<default></default>
		<enabled>true</enabled>
		<visible>true</visible>
	</settings>
	<settings>
		<id>mocosoftxpassword</id>
		<type>text</type>
		<label>@30015</label>
		<default></default>
		<enabled>true</enabled>
		<visible>true</visible>
		<hidden>true</hidden>
	</settings>
</channel>
