<?xml version="1.0" encoding="UTF-8" standalone="yes"?>
<channel>
    <id>peliculasrey</id>
    <name>peliculasrey</name>

    <active>true</active>
    <adult>false</adult>
    <language>es</language>

    <fanart></fanart>
    <thumbnail>https://raw.githubusercontent.com/MiTvSpain/mitvspain/master/squares/peliculasrey.png</thumbnail>
    <bannermenu>https://raw.githubusercontent.com/MiTvSpain/mitvspain/master/bannermenu/peliculasrey.png</bannermenu>

    <update_url>https://raw.githubusercontent.com/MiTvSpain/mitvspain/master/python/main-classic/channels/</update_url>
    <version>3</version>
    <changes>
		<change>
			<date>15/03/2017</date>
			<autor></autor>
			<description>limpieza código</description>
		</change>
		<change>
			<date>01/07/2016</date>
			<autor></autor>
			<description>Eliminado código innecesario.</description>
		</change>
	</changes>

    <categories>
        <category>movie</category>
    </categories>

</channel>
