<?xml version="1.0" encoding="utf-8" standalone="yes"?>
<channel>
	<id>torrentlocura</id>
	<name>Torrentlocura</name>

	<active>true</active>
	<adult>false</adult>
	<language>es</language>
    
	<fanart></fanart>
	<thumbnail>http://imgur.com/EWmLS3d.png</thumbnail>
	<bannermenu>https://raw.githubusercontent.com/MiTvSpain/mitvspain/master/bannermenu/torrentlocura.png</bannermenu>
	<update_url>https://raw.githubusercontent.com/MiTvSpain/mitvspain/master/python/main-classic/channels/</update_url>
    
    <version>5</version>
    <changes>
        <change>
          <date>31/12/2016</date>
          <autor></autor>
          <description>Release</description>
        </change>
        <change>
          <date>13/01/2017</date>
          <autor></autor>
          <description>Añadida info a cápitulos en bloque</description>
        </change>
        <change>
            <date>04/04/2017</date>
            <autor></autor>
            <description>Reparación cambios web</description>
        </change>
        <change>
            <date>28/06/2017</date>
            <autor></autor>
            <description>Corrección código y algunas mejoras</description>
        </change>
        <change>
            <date>05/07/2017</date>
            <autor></autor>
            <description>Corrección por cambios web.Fix obtención thumbnail info/series</description>
        </change>
    </changes>
    
	<categories>
		<category>torrent</category>
		<category>movie</category>
		<category>serie</category>
	</categories>

	<settings>
		<id>include_in_global_search</id>
		<type>bool</type>
		<label>Incluir en busqueda global</label>
		<default>true</default>
		<enabled>true</enabled>
		<visible>true</visible>
	</settings>
</channel>
