<?xml version="1.0" encoding="utf-8" standalone="yes"?>
<channel>
	<id>wopelis</id>
	<name>WoPelis</name>

	<active>true</active>
	<adult>false</adult>
	<language>es</language>

	<fanart>https://github.com/master-1970/resources/raw/master/images/fanart/wopelis.png</fanart>
	<thumbnail>https://github.com/master-1970/resources/raw/master/images/squares/wopelis.png</thumbnail>
	<bannermenu>https://github.com/master-1970/resources/raw/master/images/bannermenu/wopelis.png</bannermenu>

	<update_url>https://raw.githubusercontent.com/MiTvSpain/mitvspain/master/python/main-classic/channels/</update_url>
	<version>2</version>

	<changes>
		<change>
			<date>23/05/17</date>
			<autor></autor>
			<description>Reparado findvideos, añadidos enlaces descargas</description>
		</change>
		<change> 
			<date>27/03/16</date>
			<autor></autor>
			<description>Version inicial</description>
		</change>
	</changes>
		
	<categories>
		<category>movie</category>
		<category>serie</category>
	</categories>

	<settings>
		<id>include_in_global_search</id>
		<type>bool</type>
		<label>Incluir en busqueda global</label>
		<default>true</default>
		<enabled>true</enabled>
		<visible>true</visible>
	</settings>
	<settings>
		<id>include_in_newest_peliculas</id>
		<type>bool</type>
		<label>Incluir en Novedades - Películas</label>
		<default>true</default>
		<enabled>true</enabled>
		<visible>true</visible>
	</settings>
	<settings>
		<id>include_in_newest_series</id>
		<type>bool</type>
		<label>Incluir en Novedades - Series</label>
		<default>true</default>
		<enabled>true</enabled>
		<visible>true</visible>
	</settings>
</channel>
