<?xml version="1.0" encoding="utf-8" standalone="yes"?>
<channel>
	<id>animeflv_ru</id>
	<name>AnimeFLV.RU</name>

	<active>true</active>
	<adult>false</adult>
	<language>es</language>

	<fanart></fanart>
	<thumbnail>http://i.imgur.com/5nRR9qq.png</thumbnail>
	<bannermenu>https://raw.githubusercontent.com/MiTvSpain/mitvspain/master/bannermenu/animeflv_ru.png</bannermenu>

	<update_url>https://raw.githubusercontent.com/MiTvSpain/mitvspain/master/mitvspain/python/main-classic/channels//</update_url>
	<version>2</version>

	<compatible>
		<python>2.7.9</python>
		<addon_version>4.2.1</addon_version>
	</compatible>
	
    <changes>
		<change>
			<date>06/04/2017</date>
			<autor></autor>
			<description>fix</description>
		</change>
		<change>
			<date>01/03/2017</date>
			<autor></autor>
			<description>fix nueva web</description>
		</change>
	</changes>
	
	<categories>
		<category>anime</category>
	</categories>

	<settings>
		<id>include_in_global_search</id>
		<type>bool</type>
		<label>Incluir en busqueda global</label>
		<default>false</default>
		<enabled>true</enabled>
		<visible>true</visible>
	</settings>
	
	<settings>
		<id>include_in_newest_anime</id>
		<type>bool</type>
		<label>Incluir en Novedades - Episodios de anime</label>
		<default>true</default>
		<enabled>true</enabled>
		<visible>true</visible>
	</settings>
</channel>
