<?xml version="1.0" encoding="utf-8" standalone="yes"?>
<channel>
	<id>peliculaseroticas</id>
	<name>PeliculasEroticas</name>

	<active>true</active>
	<adult>true</adult>
	<language>es</language>

	<fanart></fanart>
	<thumbnail>https://raw.githubusercontent.com/MiTvSpain/mitvspain/master/squares/peliculaseroticas.png</thumbnail>
	<bannermenu>https://raw.githubusercontent.com/MiTvSpain/mitvspain/master/bannermenu/peliculaseroticas.png</bannermenu>

	<update_url>https://raw.githubusercontent.com/MiTvSpain/mitvspain/master/mitvspain/python/main-classic/channels//</update_url>
	<version>5</version>

	<changes>
		<change>
			<date>15/03/2017</date>
			<autor></autor>
			<description>limpieza código</description>
		</change>
		<change>
			<date>05/08/2016</date>
			<autor></autor>
			<description>Eliminado de sección peliculas.</description>
		</change>
	</changes>

	<categories>
		<category>adult</category>
	</categories>
</channel>
