<?xml version="1.0" encoding="UTF-8"?>
<addon id="plugin.video.diskokosmiko" name="[COLOR red]Buscador[/COLOR]" version="4.0.0" provider-name="LReylist">
    <requires>
        <import addon="xbmc.python" version="2.1.0"/>
		<import addon="script.module.requests" version="2.6.0"/>
    </requires>
    <extension point="xbmc.python.pluginsource" library="default.py">
        <provides>video</provides>
    </extension>
    <extension point="xbmc.addon.metadata">
        <summary>Coontenidos de DiskoKosmiko en Kodi</summary>
        <description>Todos los contenidos de la comunidad DiskoKosmiko en Kodi.</description>
        <platform>all</platform>
    </extension>
</addon>