<?xml version="1.0" encoding="utf-8" standalone="yes"?>
<channel>
	<id>verseriesonlinetv</id>
	<name>Veriesonlinetv</name>
    <active>false</active>
    <adult>false</adult>
    <language>es</language>
    
    <fanart></fanart>
    <thumbnail>http://s6.postimg.org/gl0ok4t01/verserieslogo.png</thumbnail>
    <bannermenu>http://media.tvalacarta.info/pelisalacarta/bannermenu/verseriesonlinetv.png</bannermenu>
    
    <update_url>https://raw.githubusercontent.com/tvalacarta/pelisalacarta/master/python/main-classic/channels/</update_url>
    <version>3</version>
    <date>01/07/2016</date>
    <changes>Eliminado código innecesario.</changes>
    
    <categories>
        <category>serie</category>
    </categories>
    
    <settings>
		<id>include_in_global_search</id>
		<type>bool</type>
		<label>Incluir en busqueda global</label>
		<default>true</default>
		<enabled>true</enabled>
		<visible>true</visible>
	</settings>
</channel>
