{
  "id": "movidy",
  "name": "movidy",
  "active": true,
  "adult": false,
  "force_unify": true,
  "language": ["cast", "lat"],
  "thumbnail": "https://i.imgur.com/Q8CJ6Wc.png",
  "banner": "",
  "categories": [
    "movie",
    "tvshow"
  ],
  "settings": [
    {
      "id": "include_in_global_search",
      "type": "bool",
      "label": "Incluir en busqueda global",
      "default": false,
      "enabled": true,
      "visible": true
    },
    {
      "id": "filter_languages",
      "type": "list",
      "label": "Mostrar enlaces en idioma...",
      "default": 0,
      "enabled": true,
      "visible": true,
      "lvalues": [
        "No filtrar",
        "CAST",
        "LAT",
        "VOSE",
        "VOS"
      ]
    },
    {
      "id": "show_users_links",
      "type": "list",
      "label": "Mostrar enlaces de usuarios...",
      "default": 0,
      "enabled": true,
      "visible": true,
      "lvalues": [
        "Si",
        "No"
      ]
    },
    {
      "id": "include_in_newest_peliculas",
      "type": "bool",
      "label": "Incluir en Novedades - Peliculas",
      "default": true,
      "enabled": true,
      "visible": true
    },
    {
      "id": "include_in_newest_infantiles",
      "type": "bool",
      "label": "Incluir en Novedades - Infantiles",
      "default": true,
      "enabled": true,
      "visible": true
    },
    {
      "id": "include_in_newest_terror",
      "type": "bool",
      "label": "Incluir en Novedades - terror",
      "default": true,
      "enabled": true,
      "visible": true
    }
  ]
}
