<?xml version="1.0" encoding="UTF-8" standalone="yes"?>
<addon id="plugin.video.videoteca.series" name="visor de [COLOR FFC0392B]Series Videoteca[/COLOR]" version="0.1.1"
       provider-name="mancuniancol">
    <requires>
        <import addon="xbmc.python" version="2.12.0"/>
        <import addon="plugin.video.pelisalacarta" version="4.1.2"/>
        <import addon="script.module.mctools" optional="false"/>
    </requires>
    <extension point="xbmc.python.pluginsource" library="main.py">
        <provides>video</provides>
    </extension>
    <extension point="xbmc.service" library="service.py" start="login">
    </extension>
    <extension point="xbmc.addon.metadata">
        <summary lang="en">TV Shows in spanish</summary>
        <summary lang="es">Series en español</summary>
        <description lang="en">This Add-on is a viewer for Seriesflv</description>
        <description lang="es">Este es un Add-on es un visor para Seriesflv</description>
        <language></language>
        <platform>all</platform>
        <forum></forum>
        <disclaimer lang="en">It is just for educational purpose[CR]Check if it is illegal in your country to use.
        </disclaimer>
        <license>GNU GENERAL PUBLIC LICENSE. Version 2, June 1991</license>
    </extension>
</addon>
