{
  "id": "freepornstreams",
  "name": "freepornstreams",
  "active": true,
  "adult": true,
  "language": ["*"],
  "thumbnail": "http://freepornstreams.org/wp-content/uploads/2016/11/FPS_Logo.png",
  "banner": "",
  "categories": [
    "adult"
  ],
  "settings": [
    {
      "id": "filter_languages",
      "type": "list",
      "label": "Mostrar enlaces en idioma...",
      "default": 0,
      "enabled": true,
      "visible": true,
      "lvalues": [
        "No filtrar"
      ]
    }
  ]
}

