<?xml version="1.0" encoding="UTF-8" standalone="yes"?>
<addon id="script.module.addon.common" name="Common addon methods" version="2.0.0" provider-name="Eldorado (original: t0mm0)">
  <requires>
    <import addon="xbmc.python" version="2.1.0" />
  </requires>
  <extension point="xbmc.python.module" library="lib" />
  <extension point="xbmc.addon.metadata">
    <platform>all</platform>
    <summary lang="en">Collection of commonly used addon routines</summary>
    <description lang="en">Collection of commonly used addon routines to simplify addon development.</description>
    <disclaimer lang="en"></disclaimer>
    <language></language>
    <platform>all</platform>
    <license>GNU GENERAL PUBLIC LICENSE. Version 2, June 1991</license>
    <forum></forum>
    <website></website>
    <email></email>
    <source></source>  
  </extension>
</addon>
