{
  "id": "peliculasdk",
  "name": "PeliculasDK",
  "active": true,
  "adult": false,
  "language": ["cast"],
  "thumbnail": "http://s29.postimg.org/wzw749oon/pldklog.jpg",
  "banner": "peliculasdk.png",
  "categories": [
    "torrent",
    "movie"
  ],
  "settings": [
    {
      "id": "include_in_global_search",
      "type": "bool",
      "label": "Incluir en busqueda global",
      "default": true,
      "enabled": true,
      "visible": true
    },
    {
      "id": "include_in_newest_castellano",
      "type": "bool",
      "label": "Incluir en Novedades - Castellano",
      "default": true,
      "enabled": true,
      "visible": true
    },
    {
      "id": "comprueba_enlaces",
      "type": "bool",
      "label": "Verificar si los enlaces existen",
      "default": false,
      "enabled": true,
      "visible": true
    },
    {
      "id": "comprueba_enlaces_num",
      "type": "list",
      "label": "Número de enlaces a verificar",
      "default": 1,
      "enabled": true,
      "visible": "eq(-1,true)",
      "lvalues": [ "5", "10", "15", "20" ]
    }
  ]
}
