<?xml version="1.0" encoding="utf-8" standalone="yes"?>
<channel>
	<id>animeflv_ru</id>
	<name>AnimeFLV.RU</name>

	<active>true</active>
	<adult>false</adult>
	<language>es</language>

	<fanart></fanart>
	<thumbnail>http://i.imgur.com/5nRR9qq.png</thumbnail>
	<bannermenu></bannermenu>

	<update_url>https://raw.githubusercontent.com/tvalacarta/pelisalacarta/master/python/main-classic/channels/</update_url>
	<version>1</version>
	
    <changes>
		<change>
			<date>01/03/2017</date>
			<autor>SeiTaN</autor>
			<description>fix nueva web</description>
		</change>
	</changes>
	
	<categories>
		<category>anime</category>
	</categories>

	<settings>
		<id>include_in_global_search</id>
		<type>bool</type>
		<label>Incluir en busqueda global</label>
		<default>false</default>
		<enabled>true</enabled>
		<visible>true</visible>
	</settings>
	
	<settings>
		<id>include_in_newest_anime</id>
		<type>bool</type>
		<label>Incluir en Novedades - Episodios de anime</label>
		<default>true</default>
		<enabled>true</enabled>
		<visible>true</visible>
	</settings>
</channel>
