﻿<?xml version="1.0" encoding="UTF-8" standalone="yes"?>
<addon id="plugin.video.alfa" name="[COLOR skyblue]Pelis[/COLOR][COLOR white]ala[/COLOR][COLOR skyblue]carta[/COLOR]" version="5.2.8~alfa" provider-name="LReylist">
  <requires>
    <import addon="xbmc.python" version="2.1.0"/>
    <import addon="script.module.libtorrent" optional="true"/>
  </requires>
  <extension point="xbmc.python.pluginsource" library="default.py">
    <provides>video</provides>
  </extension>
  <extension point="xbmc.addon.metadata">
    <summary lang="es">Addon Modificado por LReylist</summary>
    <description lang="es">Navega con Kodi por páginas web para ver sus videos de manera fácil.</description>
    <platform>all</platform>
    <license>GNU GPL v3</license>
    <forum>foro</forum>
    <website>web</website>
    <email>lreylist@gmail.com</email>
    <source></source>
  </extension>
  <extension point="xbmc.service" library="videolibrary_service.py" start="login|startup">
  </extension>
</addon>
