{
  "id": "descargas2020",
  "name": "Descargas2020",
  "active": false,
  "adult": false,
  "language": ["cast", "lat"],
  "thumbnail": "http://descargas2020.com/d20/library/content/template/images/_logod2020.png",
  "banner": "",
  "categories": [
    "movie",
    "tvshow",
    "anime",
    "torrent",
    "documentary",
    "vos",
    "direct"
  ],
  "settings": [
    {
      "id": "include_in_global_search",
      "type": "bool",
      "label": "Incluir en busqueda global",
      "default": false,
      "enabled": true,
      "visible": true
    },
    {
      "id": "modo_grafico",
      "type": "bool",
      "label": "Buscar información extra (TMDB)",
      "default": true,
      "enabled": true,
      "visible": true
    },
    {
      "id": "seleccionar_ult_temporadda_activa",
      "type": "bool",
      "label": "Seleccionar para Videoteca si estará activa solo la última Temporada",
      "default": true,
      "enabled": true,
      "visible": true
    },
    {
      "id": "clonenewpct1_ver_enlaces_veronline",
      "type": "list",
      "label": "Mostrar enlaces Ver Online",
      "default": 1,
      "enabled": true,
      "visible": true,
      "lvalues": [
        "No",
        "Todos",
        "1",
        "5",
        "10",
        "20"
      ]
    },
    {
      "id": "clonenewpct1_verificar_enlaces_veronline",
      "type": "list",
      "label": "Verificar enlaces Ver Online",
      "default": 1,
      "enabled": true,
      "visible": "!eq(-1,'No')",
      "lvalues": [
        "No",
        "Todos",
        "1",
        "5",
        "10",
        "20"
      ]
    },
    {
      "id": "clonenewpct1_verificar_enlaces_veronline_validos",
      "type": "bool",
      "label": "¿Contar sólo enlaces 'verificados' en Ver Online?",
      "default": true,
      "enabled": true,
      "visible": "!eq(-1,'No') + !eq(-2,'No')"
    },
    {
      "id": "clonenewpct1_excluir1_enlaces_veronline",
      "type": "list",
      "label": "Excluir Servidores para Ver Online",
      "default": 9,
      "max_excl": 5,
      "enabled": true,
      "visible": "!eq(-3,'No')",
      "lvalues": [
        "No",
        "Bankupload",
        "Clipwatching",
        "Flashx",
        "Katfile",
        "Mega",
        "Mexashare",
        "Movshare",
        "Mowvideo",
        "Openload",
        "Powvideo",
        "Rapidgator",
        "Streamango",
        "Streamcloud",
        "Streame",
        "Streaminto",
        "Streamplay",
        "Thevideo",
        "Turbobit",
        "Uploadedto",
        "Uptobox",
        "Userscloud",
        "Vidabc",
        "Vidspot"
      ]
    },
    {
      "id": "clonenewpct1_excluir2_enlaces_veronline",
      "type": "list",
      "label": "Excluir Servidores para Ver Online",
      "default": 12,
      "enabled": true,
      "visible": "!eq(-1,'No')",
      "lvalues": [
        "No",
        "Bankupload",
        "Clipwatching",
        "Flashx",
        "Katfile",
        "Mega",
        "Mexashare",
        "Movshare",
        "Mowvideo",
        "Openload",
        "Powvideo",
        "Rapidgator",
        "Streamango",
        "Streamcloud",
        "Streame",
        "Streaminto",
        "Streamplay",
        "Thevideo",
        "Turbobit",
        "Uploadedto",
        "Uptobox",
        "Userscloud",
        "Vidabc",
        "Vidspot"
      ]
    },
    {
      "id": "clonenewpct1_excluir3_enlaces_veronline",
      "type": "list",
      "label": "Excluir Servidores para Ver Online",
      "default": 20,
      "enabled": true,
      "visible": "!eq(-1,'No')",
      "lvalues": [
        "No",
        "Bankupload",
        "Clipwatching",
        "Flashx",
        "Katfile",
        "Mega",
        "Mexashare",
        "Movshare",
        "Mowvideo",
        "Openload",
        "Powvideo",
        "Rapidgator",
        "Streamango",
        "Streamcloud",
        "Streame",
        "Streaminto",
        "Streamplay",
        "Thevideo",
        "Turbobit",
        "Uploadedto",
        "Uptobox",
        "Userscloud",
        "Vidabc",
        "Vidspot"
      ]
    },
    {
      "id": "clonenewpct1_excluir4_enlaces_veronline",
      "type": "list",
      "label": "Excluir Servidores para Ver Online",
      "default": 0,
      "enabled": true,
      "visible": "!eq(-1,'No')",
      "lvalues": [
        "No",
        "Bankupload",
        "Clipwatching",
        "Flashx",
        "Katfile",
        "Mega",
        "Mexashare",
        "Movshare",
        "Mowvideo",
        "Openload",
        "Powvideo",
        "Rapidgator",
        "Streamango",
        "Streamcloud",
        "Streame",
        "Streaminto",
        "Streamplay",
        "Thevideo",
        "Turbobit",
        "Uploadedto",
        "Uptobox",
        "Userscloud",
        "Vidabc",
        "Vidspot"
      ]
    },
    {
      "id": "clonenewpct1_excluir5_enlaces_veronline",
      "type": "list",
      "label": "Excluir Servidores para Ver Online",
      "default": 0,
      "enabled": true,
      "visible": "!eq(-1,'No')",
      "lvalues": [
        "No",
        "Bankupload",
        "Clipwatching",
        "Flashx",
        "Katfile",
        "Mega",
        "Mexashare",
        "Movshare",
        "Mowvideo",
        "Openload",
        "Powvideo",
        "Rapidgator",
        "Streamango",
        "Streamcloud",
        "Streame",
        "Streaminto",
        "Streamplay",
        "Thevideo",
        "Turbobit",
        "Uploadedto",
        "Uptobox",
        "Userscloud",
        "Vidabc",
        "Vidspot"
      ]
    },
    {
      "id": "clonenewpct1_ver_enlaces_descargas",
      "type": "list",
      "label": "Mostrar enlaces Descargas",
      "default": 0,
      "enabled": true,
      "visible": true,
      "lvalues": [
        "No",
        "Todos",
        "1",
        "5",
        "10",
        "20",
        "30",
        "50",
        "100"
      ]
    },
    {
      "id": "clonenewpct1_verificar_enlaces_descargas",
      "type": "list",
      "label": "Verificar enlaces Descargas",
      "default": 1,
      "enabled": true,
      "visible": "!eq(-1,'No')",
      "lvalues": [
        "No",
        "Todos",
        "1",
        "5",
        "10",
        "20",
        "30",
        "50",
        "100"
      ]
    },
        {
      "id": "clonenewpct1_verificar_enlaces_descargas_validos",
      "type": "bool",
      "label": "¿Contar sólo enlaces 'verificados' en Descargar?",
      "default": true,
      "enabled": true,
      "visible": "!eq(-1,'No') + !eq(-2,'No')"
    },
    {
      "id": "clonenewpct1_excluir1_enlaces_descargas",
      "type": "list",
      "label": "Excluir Servidores para Ver Descargas",
      "default": 0,
      "enabled": true,
      "visible": "!eq(-3,'No')",
      "lvalues": [
        "No",
        "Bankupload",
        "Clipwatching",
        "Flashx",
        "Katfile",
        "Mega",
        "Mexashare",
        "Movshare",
        "Mowvideo",
        "Openload",
        "Powvideo",
        "Rapidgator",
        "Streamango",
        "Streamcloud",
        "Streame",
        "Streaminto",
        "Streamplay",
        "Thevideo",
        "Turbobit",
        "Uploadedto",
        "Uptobox",
        "Userscloud",
        "Vidabc",
        "Vidspot"
      ]
    },
    {
      "id": "clonenewpct1_excluir2_enlaces_descargas",
      "type": "list",
      "label": "Excluir Servidores para Ver Descargas",
      "default": 0,
      "enabled": true,
      "visible": "!eq(-1,'No')",
      "lvalues": [
        "No",
        "Bankupload",
        "Clipwatching",
        "Flashx",
        "Katfile",
        "Mega",
        "Mexashare",
        "Movshare",
        "Mowvideo",
        "Openload",
        "Powvideo",
        "Rapidgator",
        "Streamango",
        "Streamcloud",
        "Streame",
        "Streaminto",
        "Streamplay",
        "Thevideo",
        "Turbobit",
        "Uploadedto",
        "Uptobox",
        "Userscloud",
        "Vidabc",
        "Vidspot"
      ]
    },
    {
      "id": "clonenewpct1_excluir3_enlaces_descargas",
      "type": "list",
      "label": "Excluir Servidores para Descargas",
      "default": 0,
      "enabled": true,
      "visible": "!eq(-1,'No')",
      "lvalues": [
        "No",
        "Bankupload",
        "Clipwatching",
        "Flashx",
        "Katfile",
        "Mega",
        "Mexashare",
        "Movshare",
        "Mowvideo",
        "Openload",
        "Powvideo",
        "Rapidgator",
        "Streamango",
        "Streamcloud",
        "Streame",
        "Streaminto",
        "Streamplay",
        "Thevideo",
        "Turbobit",
        "Uploadedto",
        "Uptobox",
        "Userscloud",
        "Vidabc",
        "Vidspot"
      ]
    },
    {
      "id": "clonenewpct1_excluir4_enlaces_descargas",
      "type": "list",
      "label": "Excluir Servidores para Descargas",
      "default": 0,
      "enabled": true,
      "visible": "!eq(-1,'No')",
      "lvalues": [
        "No",
        "Bankupload",
        "Clipwatching",
        "Flashx",
        "Katfile",
        "Mega",
        "Mexashare",
        "Movshare",
        "Mowvideo",
        "Openload",
        "Powvideo",
        "Rapidgator",
        "Streamango",
        "Streamcloud",
        "Streame",
        "Streaminto",
        "Streamplay",
        "Thevideo",
        "Turbobit",
        "Uploadedto",
        "Uptobox",
        "Userscloud",
        "Vidabc",
        "Vidspot"
      ]
    },
    {
      "id": "clonenewpct1_excluir5_enlaces_descargas",
      "type": "list",
      "label": "Excluir Servidores para Descargas",
      "default": 0,
      "enabled": true,
      "visible": "!eq(-1,'No')",
      "lvalues": [
        "No",
        "Bankupload",
        "Clipwatching",
        "Flashx",
        "Katfile",
        "Mega",
        "Mexashare",
        "Movshare",
        "Mowvideo",
        "Openload",
        "Powvideo",
        "Rapidgator",
        "Streamango",
        "Streamcloud",
        "Streame",
        "Streaminto",
        "Streamplay",
        "Thevideo",
        "Turbobit",
        "Uploadedto",
        "Uptobox",
        "Userscloud",
        "Vidabc",
        "Vidspot"
      ]
    }
  ]
}